geo,name,1975,1976,1977,1978,1979,1980,1981,1982,1983,1984,1985,1986,1987,1988,1989,1990,1991,1992,1993,1994,1995,1996,1997,1998,1999,2000,2001,2002,2003,2004,2005,2006,2007,2008,2009,2010,2011,2012,2013,2014,2015,2016,2017,2018,2019,2020,2021
afg,Afghanistan,17.14625,17.14625,17.14625,15.75294,15.75294,18.41046,15.03931,17.28229,17.28229,17.28229,17.28229,17.28229,17.28229,19.05044,19.05044,12.2101,9.58677,11.67014,4.30086,4.30086,4.30086,,,,,,3.24952,26.16064,30.32556,31.99608,33.99365,33.99365,34.61444,33.37413,33.37413,33.99365,33.99365,33.99365,33.99365,33.99365,33.99365,31.17294,32.81713,33.82852,33.82852,34.24388,7.51839
ago,Angola,27.27696,34.04606,34.04606,34.04606,34.04606,36.13884,37.10719,36.97166,36.97166,37.10719,37.10719,37.85259,38.05379,37.94766,37.94766,37.94766,38.32935,36.60755,38.26444,36.79984,36.79984,36.79984,37.03498,37.60729,37.60729,37.60729,37.60729,40.74042,44.98208,45.15254,45.15254,45.15254,45.15254,44.38693,46.85778,46.85778,49.02272,48.93037,50.63968,50.63968,50.8315,49.33558,51.81475,51.80251,52.05695,53.19244,53.03681
alb,Albania,47.93694,50.41379,50.41379,50.41379,50.41379,50.70596,50.51458,50.38774,50.38774,50.38774,50.6741,50.6741,50.6741,50.6741,50.6741,51.69381,42.34773,44.89668,46.08612,46.32063,46.32063,48.445,47.24652,49.10034,50.62858,50.62858,53.0437,53.78306,55.51369,53.78306,56.48591,56.48591,58.05944,55.51999,57.78564,57.78564,57.78564,57.98533,58.49285,60.16479,60.36162,62.08976,60.98549,61.16757,61.98841,61.98841,69.04572
are,UAE,8.10289,8.10289,8.78417,8.78417,8.78417,15.65789,12.74978,14.87041,14.87041,15.2535,17.08051,17.08051,15.4384,17.27457,17.42973,20.07061,20.23043,20.23043,20.36234,20.47081,22.31569,23.94421,24.12439,25.96072,26.02244,27.55738,31.20386,28.90206,28.90206,30.1677,34.69998,32.7752,37.13873,39.99216,39.99216,41.61527,41.31173,41.92653,41.92653,41.92653,44.53648,36.87133,40.62552,40.62552,41.08089,43.56757,45.866
arg,Argentina,48.44196,42.76775,42.76775,43.00911,43.00911,43.00911,43.20882,40.4388,49.70675,54.95222,56.95225,57.197,59.63635,59.63635,59.76814,59.01509,59.80307,66.69913,69.2381,67.57639,68.53262,68.53262,69.13352,69.13352,68.82419,68.82419,71.28163,71.28163,73.48653,75.64484,75.64484,73.91383,77.61289,76.01343,77.61289,77.61289,77.61289,77.61289,75.64484,75.64484,76.06998,76.53288,77.10974,74.22361,75.31042,77.57117,76.0112
arm,Armenia,,,,,,,,,,,,,,,,,49.97875,46.37287,48.54389,48.54389,49.03081,49.03081,49.03081,49.03081,48.52411,45.58591,48.52411,48.52411,46.33055,46.33055,46.33055,49.16212,52.42409,50.07093,50.33055,50.33055,50.45452,50.71485,50.92895,50.92895,50.92895,48.84023,52.97552,56.02756,57.47221,56.6129,57.3575
aus,Australia,61.79919,60.61344,60.61344,60.61344,60.61344,60.78964,60.97245,60.97245,65.54433,67.36603,67.62689,71.45895,73.75148,75.6994,75.6994,80.37949,80.37949,80.37949,80.43853,80.43853,80.43853,80.9557,81.21128,81.85346,81.85346,81.85346,82.18038,82.18038,84.02609,84.02609,84.02609,84.02609,84.371,85.08093,87.09982,86.68348,84.80538,84.80538,87.12287,87.12287,87.12287,85.90961,87.54053,88.13534,88.13534,88.13534,92.26696
aut,Austria,51.62121,55.45091,55.45091,55.76508,55.99624,62.00856,62.73519,61.04894,61.04894,61.04894,61.30694,66.03475,66.03475,66.03475,67.95986,68.88509,68.88509,68.88509,68.88509,69.17709,70.18674,70.41512,70.41512,70.41512,70.41512,75.03876,75.03876,75.90096,75.90096,76.15503,76.15503,76.15503,77.6598,75.70155,73.19541,77.46516,77.46516,77.46516,77.94505,74.97727,74.97727,76.33104,79.39088,79.8732,80.96413,82.79095,82.79095
aze,Azerbaijan,,,,,,,,,,,,,,,,,40.94874,39.48108,47.09853,45.33287,47.11522,47.11522,47.11522,47.11522,47.11522,47.16938,47.16938,47.16938,47.16938,47.16938,47.37648,46.20213,46.20213,46.20213,46.20213,46.95776,46.95776,46.95776,47.45042,47.45042,45.57999,46.66369,47.49955,49.96949,48.4267,48.4267,47.82264
bdi,Burundi,30.05228,30.05228,31.45068,31.45068,31.45068,31.45068,34.63488,38.4877,37.01738,37.6847,39.24646,39.48943,37.42575,37.42575,39.05065,37.42575,37.42575,42.02121,46.78382,45.97162,47.3167,47.38082,47.38082,47.90503,47.90503,48.97125,48.97125,49.28343,49.28343,49.28343,55.33053,54.598,54.69119,55.79511,55.93158,53.62708,53.62708,53.62708,53.01647,54.00206,54.13273,48.75904,56.58876,56.11423,54.1947,53.23697,51.61905
bel,Belgium,62.74594,62.74594,62.74594,62.74594,62.74594,69.25525,69.65871,70.32313,70.32313,70.32313,70.43217,70.74744,68.07697,68.07697,68.07697,81.08684,83.0195,81.30283,81.30283,81.30283,81.59398,81.84836,81.84836,81.84836,82.95465,83.24345,83.24345,83.24345,88.51281,88.8787,88.8787,87.01863,87.01863,86.05178,88.31982,88.31982,88.31982,88.31982,92.78343,90.43294,92.78343,92.78343,92.78343,100,91.15146,87.15918,87.15918
ben,Benin,48.2564,48.2564,48.2564,48.2564,49.70963,49.70963,49.61048,51.34806,51.43453,48.3419,50.65031,50.65031,50.65031,50.65031,50.4832,59.94296,57.26717,59.75174,59.75174,59.75174,59.75174,59.89914,59.89914,59.89914,59.75174,59.75174,59.81406,61.57627,61.70547,61.70547,61.70547,61.70547,61.84867,60.77256,61.84867,62.17459,62.00499,62.00499,59.90249,59.73561,59.58054,57.24434,61.76787,61.76787,62.58335,60.50496,60.50496
bfa,Burkina Faso,39.20805,39.20805,39.20805,37.72757,37.72757,39.5575,37.76903,37.30108,39.65621,42.7378,42.22559,43.88437,42.22559,41.12085,44.41157,47.6383,49.63682,52.03438,50.78523,50.78523,50.41338,50.41338,51.18771,51.39371,50.78523,52.08452,52.08452,53.12537,56.07723,54.40911,54.40911,54.40911,54.40911,54.81945,54.91432,54.91432,54.91432,54.91432,51.39937,51.17051,49.19633,51.26524,51.65196,53.44697,49.82785,45.73825,42.49796
bgd,Bangladesh,41.9321,42.13684,42.13684,42.13684,42.44768,42.44768,41.21066,37.57955,37.8645,38.37903,38.37903,43.70534,43.70534,43.94066,44.15533,45.93056,45.17527,45.17527,45.17527,45.37889,45.37889,45.16142,45.16142,45.16142,45.16142,46.51812,45.08048,45.08048,42.96268,42.96268,47.48905,46.72918,51.02991,46.71077,51.14609,51.14609,51.35638,51.35638,50.2609,50.2609,49.783,48.5985,46.04747,45.31067,46.60799,46.58765,46.58765
bgr,Bulgaria,66.91158,67.48092,67.48092,67.48092,67.48092,67.48092,66.38463,68.33801,68.33801,66.68157,68.33801,68.33801,66.68157,69.01014,69.01014,77.53802,79.46153,77.94702,77.94702,77.94702,77.94702,77.94702,77.70892,77.70892,77.70892,77.70892,79.08355,79.37693,79.37693,82.84999,80.23666,80.23666,79.063,78.80487,79.15844,81.95675,80.56923,81.49832,80.12614,79.56734,79.56734,81.42558,80.59063,80.59063,80.59063,76.12616,77.21247
bhr,Bahrain,19.41607,20.40597,20.40597,20.79232,20.79232,20.79232,19.88969,21.02471,21.02471,20.12364,20.12364,21.49239,20.3156,20.47387,20.47387,21.31351,21.43261,19.97532,20.04196,20.09321,20.13213,20.18476,20.20244,20.2159,20.22634,25.77228,27.12904,33.36021,33.36021,35.47533,33.36021,33.98348,33.98348,36.03999,36.03999,35.4738,35.91263,35.91263,34.3948,35.50387,35.50387,35.50387,35.50387,34.8882,34.8882,38.17285,39.84178
bih,Bosnia and Herzegovina,,,,,,,,,,,,,,,,,,52.08672,52.08672,53.24717,53.50297,53.50297,52.34397,54.82852,54.82852,55.11857,56.1481,57.35884,57.35884,55.94719,55.94719,56.00105,57.23798,56.00105,56.53054,56.70325,56.70325,56.70325,56.40196,56.93432,56.93432,57.85608,57.85608,57.85608,57.15818,57.91719,59.61804
blr,Belarus,,,,,,,,,,,,,,,,,60.55346,55.41095,59.94282,62.51791,62.51791,62.51791,62.92746,62.92746,63.04951,64.24428,64.24428,64.24428,64.24428,69.02266,66.8207,66.8207,68.72945,69.73113,69.73113,67.15796,67.15796,66.48064,66.48064,67.12703,67.42096,70.27347,73.54689,70.92007,74.1869,70.62284,63.70724
bol,Bolivia,23.77169,23.77169,23.77169,23.77169,24.24354,25.62223,21.19354,24.39609,28.05127,28.38053,32.44855,32.44855,32.44855,32.44855,33.98095,35.5401,35.5401,34.9933,35.63196,36.2578,38.7954,40.04319,41.36546,41.36546,43.15012,43.6217,43.6217,44.22145,44.22145,44.22145,45.31415,50.73703,52.13916,51.79231,53.06432,56.3107,56.13478,56.13478,56.13478,57.56036,57.56036,54.77779,59.38535,56.62542,60.71913,63.63317,59.3475
bra,Brazil,40.0824,40.0824,40.23421,41.4853,41.4853,41.6279,42.12635,42.23657,42.23657,42.23657,45.93838,49.95744,50.06611,55.53102,60.05869,58.42011,55.81153,55.81153,55.81153,58.59444,61.97459,62.7077,62.7077,64.43004,64.43004,64.43004,64.43004,68.64856,68.64856,70.22675,70.22675,70.22675,71.41692,70.32678,70.22675,73.4269,75.35076,75.35076,75.11896,75.21871,75.21871,70.7013,61.43772,60.34261,59.83775,62.30131,58.41911
brb,Barbados,66.33129,65.96337,65.96337,65.96337,65.96337,68.25091,68.25091,68.25091,68.25091,68.25091,68.54042,68.54042,68.54042,68.54042,68.84225,71.04587,71.04587,71.04587,71.04587,71.53481,71.86138,71.86138,71.86138,71.86138,71.86138,71.86138,71.77287,71.77287,74.01188,72.33527,72.33527,74.23686,72.33527,71.98405,71.98405,71.98405,71.98405,71.98405,72.48892,72.48892,72.48892,72.48712,73.64341,75.66295,75.66295,77.05629,78.83792
btn,Bhutan,32.94276,32.94276,32.94276,32.94276,32.94276,34.39949,36.53482,35.11553,35.11553,35.11553,35.11553,35.11553,35.11553,35.11553,35.11553,37.71952,37.1486,37.1486,37.1486,37.1486,38.84184,39.09253,39.60648,41.10043,42.87648,46.48161,47.97475,47.97475,48.09095,49.99294,51.11268,50.0683,48.53256,54.63233,52.49143,56.15103,55.59958,54.10535,57.57037,55.95165,55.95165,62.05526,57.68785,59.81735,56.45584,58.86405,61.43398
bwa,Botswana,41.39813,45.73693,41.39813,41.39813,42.8214,42.8214,40.35071,43.4811,45.39309,43.68553,46.87163,48.94742,46.86035,46.86035,44.08343,44.35383,44.35383,44.35383,47.33336,48.41114,49.66718,47.72359,49.66718,49.66718,51.71587,51.97641,51.97641,51.97641,51.97641,51.11363,52.37443,52.37443,50.70001,54.30644,52.14785,52.14785,54.12558,54.12558,56.29619,56.49631,56.74548,56.43953,56.43953,54.60419,58.03357,56.67758,56.31138
caf,Central African Republic,33.60992,33.60992,33.60992,33.60992,33.60992,37.72176,34.37039,36.26964,36.26964,34.37039,36.26964,36.26964,34.12584,36.06065,36.06065,37.76989,37.76989,37.76989,40.08286,40.08286,40.08286,42.38447,42.38447,43.17041,43.17041,44.58506,44.58506,44.58506,40.05247,44.75255,43.83086,43.83086,43.83086,45.43424,43.61641,45.21554,45.64333,45.64333,44.49875,45.81794,48.31096,45.52307,45.32838,47.79613,44.80579,44.93512,44.54149
can,Canada,58.0111,59.17265,62.28002,62.28002,62.28002,62.38007,63.08958,67.56713,69.28762,68.53697,69.66907,69.95132,68.81157,70.4028,69.26027,73.34804,71.13999,71.13999,72.692,76.23651,76.23651,76.23651,78.68944,78.68944,78.68944,81.88444,81.88444,81.88444,83.36716,83.60281,82.12184,79.68298,76.7229,78.68031,79.28987,79.28987,78.33188,78.33188,78.33188,78.33188,80.24758,82.42303,84.30911,84.30911,89.0622,81.52572,79.75314
che,Switzerland,57.16412,57.42994,57.42994,57.42994,58.00532,59.18584,61.28759,61.28759,61.28759,61.28759,62.6906,62.6906,63.00917,63.00917,63.00917,68.21061,68.55842,68.55842,68.72845,68.72845,68.92875,69.14852,69.14852,70.31593,70.31593,74.98088,74.98088,74.98088,78.29503,78.47636,78.47636,72.75675,74.52254,75.12028,74.52254,75.69162,75.89871,75.89871,75.89871,75.89871,76.27198,75.08656,75.08656,76.51306,76.90418,84.40422,84.40422
chl,Chile,23.89933,23.89933,26.54118,26.54118,26.54118,28.60373,28.60373,32.28648,32.28648,32.28648,32.50241,32.50241,32.50241,32.50241,30.82801,46.03726,46.03726,46.6087,44.67074,46.89759,46.89759,46.63382,47.43646,47.43646,47.43646,59.0977,59.28201,59.28201,59.28201,59.28201,61.27421,61.27421,61.71719,61.71719,61.07041,61.07041,61.07041,61.07041,61.53642,64.51608,63.59402,59.7948,61.40729,60.6118,61.40729,62.78346,61.78291
chn,China,44.29688,44.67636,44.67636,43.71174,43.71174,46.35371,46.49883,46.49883,46.49883,46.7206,46.7206,45.10525,45.10525,45.10525,45.10525,46.14889,46.14889,46.35532,46.35532,46.35532,46.35532,46.35532,46.35532,46.57139,46.57139,47.6078,47.6078,47.6078,47.82291,47.70422,47.70422,47.9237,46.14016,48.26494,46.45543,49.51391,49.9997,49.70781,49.36535,49.51675,49.64685,49.75647,49.97209,49.97209,50.04362,50.04362,48.79899
civ,Cote d'Ivoire,36.6873,36.6873,36.6873,36.6873,36.6873,35.60751,37.80683,37.80683,37.80683,37.80683,38.05287,38.05287,38.05287,38.05287,38.26998,40.20985,40.20985,40.20985,40.20985,44.27067,44.96506,46.54333,48.63067,48.63067,48.92773,53.8166,53.23068,53.23068,51.50276,51.50276,51.50276,51.90344,52.10808,51.90344,51.90344,52.53894,52.53894,52.66271,51.93826,51.93826,51.93826,50.85037,51.36746,51.36746,51.55476,52.12777,53.65015
cmr,Cameroon,24.78102,24.78102,24.78102,25.8385,25.8385,25.8385,29.41581,28.10225,30.21782,33.79578,32.74514,32.74514,32.74514,30.56564,30.56564,38.03294,37.94653,39.2698,37.80497,39.2698,39.2698,39.31915,38.36885,39.29397,39.34669,45.57121,47.97448,48.54821,47.23025,47.23025,47.23025,47.23025,47.79467,47.79467,47.79467,50.46078,50.65138,50.65138,51.5682,51.5682,51.5682,50.7396,52.62471,49.7996,52.02768,52.34666,53.34026
cod,"Congo, Dem. Rep.",23.65575,23.65575,20.86589,20.86589,20.86589,27.14283,26.91532,27.76792,27.76792,27.76792,27.76792,27.76792,26.98037,31.78735,30.47136,30.84454,30.55947,33.46559,37.27665,38.70885,38.70885,38.70885,38.70885,38.94556,38.94556,40.29099,39.00259,39.00259,41.37961,40.079,40.079,39.81733,39.81733,39.81733,39.81733,40.78923,40.96312,41.17144,41.39171,41.39171,39.6089,42.32296,45.15284,45.32293,44.59722,44.59722,45.9311
cog,"Congo, Rep.",24.60566,25.06044,24.32272,24.32272,25.22639,25.22639,27.37161,27.37161,27.37161,27.51198,27.84839,27.84839,27.84839,27.84839,26.61989,33.67507,32.82408,32.82408,23.95154,26.23782,26.23782,26.23782,24.52361,26.35029,26.35029,26.35029,26.35029,28.39256,26.84761,26.84761,26.84761,26.84761,26.85522,26.85522,26.85522,27.80593,26.157,30.8381,30.8381,30.99679,30.99679,29.35653,31.65781,34.6276,38.30884,38.68889,34.1325
col,Colombia,31.93786,31.93786,31.93786,31.86888,31.86888,34.44484,34.81695,34.57159,34.57159,33.41456,34.57159,34.97761,33.80502,33.80502,34.97761,40.41536,52.31559,53.22621,53.49366,53.49366,53.49366,54.44413,54.44413,54.63418,54.63418,54.88763,54.88763,54.88763,54.88763,54.88763,54.88763,52.73009,54.27962,52.73009,52.73009,54.06445,54.06445,54.06445,54.06445,54.82181,54.82181,53.84514,53.84514,54.6546,54.6546,50.64665,49.24534
com,Comoros,29.55695,42.77643,42.77643,42.77643,32.80413,27.74211,27.74211,27.74211,27.74211,27.74211,28.13194,28.13194,28.13194,28.13194,28.13194,36.19487,37.77553,37.77553,38.32036,36.75783,36.75783,36.75783,35.29775,35.58376,37.7775,39.32543,39.97656,39.97656,40.21389,37.24535,39.22195,36.72138,36.72138,37.50418,36.99121,37.50418,37.50418,41.20885,41.5621,40.30545,39.74636,44.56296,42.77649,41.00564,43.28405,46.08831,46.08831
cpv,Cape Verde,39.51941,43.01561,43.01561,43.01561,43.01561,43.93662,43.93662,44.21936,44.21936,44.21936,44.21936,44.21936,44.52196,44.52196,44.52196,44.52196,43.27771,43.61104,45.99983,46.29513,47.60321,47.85615,47.85615,47.85615,47.85615,49.05697,48.99698,52.92872,52.92872,53.13082,53.13082,53.70361,54.10459,57.59646,55.96231,56.20277,56.38907,59.96548,60.21682,58.96083,60.46457,56.25728,57.14305,57.14305,57.33959,56.79949,59.64659
cri,Costa Rica,44.85998,45.59295,45.59295,46.00768,47.25957,49.77125,51.3484,51.84788,52.11541,51.60935,51.60935,53.61441,58.43839,60.30543,61.06731,66.002,67.4934,67.4934,67.4934,65.87116,67.69005,67.69005,67.69005,69.68134,68.42542,77.04356,77.04356,81.01097,81.01097,81.01097,82.73381,83.62263,81.17689,81.17689,81.17689,83.62263,83.62263,83.62263,83.62263,83.10189,80.43053,80.43053,80.43053,81.0464,81.0464,81.0464,84.17496
cub,Cuba,57.22053,58.60492,58.60492,58.60492,65.00531,65.00531,63.93803,64.12505,64.12505,64.12505,64.12505,67.01667,65.90546,66.54222,66.76716,70.76757,68.55698,68.83216,67.94681,67.94681,68.23767,68.23767,68.54122,69.12897,69.12897,69.44916,69.44916,71.62039,72.32066,71.2802,71.2802,73.58314,71.63801,71.36892,74.39061,71.13313,73.3479,73.3479,71.61099,71.61099,71.61099,68.32931,68.86531,69.14466,74.20187,72.85165,72.85165
cyp,Cyprus,41.36125,42.95087,43.26239,43.26239,43.60743,45.84768,44.22615,46.08113,46.08113,44.48352,44.28955,46.16245,46.16245,46.16245,46.16245,52.35374,56.92305,56.92305,54.97594,54.97594,55.27112,55.41699,55.41699,57.21997,57.21997,61.85972,62.49519,62.49519,60.94599,64.91256,66.66197,64.87882,66.75517,67.92018,67.74877,68.05482,66.21907,65.10183,64.76102,65.22503,65.22503,70.9255,70.13609,70.64658,66.4048,72.32023,66.87811
cze,Czech Republic,56.40896,56.64073,56.64073,56.64073,56.99606,56.99606,53.62377,58.25177,58.25177,53.62377,58.25177,60.59281,58.72561,60.59281,60.73863,71.48355,76.41473,76.00736,76.146,76.54036,76.54036,77.34683,77.34683,77.34683,77.34683,77.34683,77.34683,78.06622,75.53215,78.06622,75.53215,78.26986,78.26986,78.26986,78.26986,77.4661,79.84675,79.84675,80.0984,80.0984,80.0984,83.51031,78.89021,81.24078,73.40985,71.86205,79.89788
deu,Germany,63.91659,64.02307,66.04645,67.8853,67.8853,66.15788,67.99827,67.99827,68.3852,68.3852,68.3852,68.3852,69.05288,69.05288,69.05288,74.75887,74.75887,76.42137,75.01561,77.03253,77.03253,75.63945,75.63945,81.32278,81.16092,84.52243,84.52243,85.06871,85.06871,86.73864,88.57339,88.57339,90.85596,88.73298,90.85596,90.85596,90.85596,90.85596,90.85596,90.85596,90.85596,92.04143,88.0564,90.0962,90.85596,90.85596,90.85596
dji,Djibouti,,,1.42797,15.08382,15.08382,15.08382,15.08382,15.08382,15.08382,15.08382,15.08382,15.08382,15.08382,15.08382,15.08382,15.08382,16.05434,21.85075,21.85075,21.85075,21.85075,21.85075,21.85075,21.85075,21.85075,23.04663,24.12763,27.71645,34.01965,34.01965,34.01965,36.22393,34.41428,34.41428,34.84767,34.84767,34.84767,34.84767,34.66201,34.84767,34.84767,29.17007,36.60132,34.79851,35.208,35.22169,38.95714
dnk,Denmark,82.89809,82.89809,83.0841,88.8593,90.07728,90.07728,87.39774,89.61195,87.63305,87.63305,87.63305,87.63305,88.45271,91.58066,91.58066,92.44979,92.44979,92.44979,92.44979,92.44979,92.44979,92.44979,92.44979,94.35783,94.35783,94.35783,94.35783,94.35783,94.35783,97.87998,92.86771,91.15428,94.35783,97.87998,97.87998,97.87998,97.87998,97.87998,97.87998,97.87998,97.87998,97.87998,97.87998,97.87998,97.87998,97.87998,97.87998
dom,Dominican Republic,23.29164,23.29164,23.29164,23.10457,31.40574,31.40574,37.24905,35.07616,35.07616,35.07616,35.48173,37.60297,37.60297,37.99013,37.99013,40.13815,40.13815,40.51162,40.51162,37.28754,37.45856,38.54247,46.58764,47.18643,47.32041,47.32041,47.32041,47.71823,47.71823,47.71823,47.71823,47.99006,47.99006,47.99006,47.99006,47.99006,47.99006,48.38516,50.43799,50.43799,48.95453,43.5288,47.06212,47.06212,52.85789,49.71968,56.32839
dza,Algeria,37.94581,37.94581,37.01875,37.01875,37.33688,38.83283,37.17217,36.21538,36.21538,36.77812,36.77812,36.77812,37.13479,37.46047,37.31461,38.68832,38.68832,42.38946,40.25866,42.42915,42.42915,42.42915,41.67654,41.93928,41.93928,45.0973,45.0973,45.71229,45.71229,43.76499,45.71229,45.93352,45.93352,47.38267,46.89591,48.29845,47.85244,52.65084,55.8081,57.13061,57.38678,53.94794,54.00351,58.56143,58.43686,56.68781,52.73273
ecu,Ecuador,17.16227,17.16227,17.16227,17.16227,27.86807,34.24283,33.36631,33.55444,33.55444,34.39916,34.39916,33.82553,33.82553,34.66367,34.66367,40.03323,41.51716,41.2848,39.80703,37.59367,37.77064,40.95523,40.95523,46.372,46.372,50.66845,50.66845,50.50064,50.50064,50.50064,50.50064,51.11632,54.60429,58.14941,58.47877,59.77678,59.77678,60.02754,59.61727,59.61727,59.61727,59.35259,60.29529,60.29529,59.03006,60.29529,59.03904
egy,Egypt,24.93504,24.42224,24.42224,24.42224,26.5728,26.5728,29.65945,30.51632,31.74687,31.00963,32.19939,31.00963,28.49718,28.49718,28.75877,29.84954,29.84954,29.84954,31.60439,29.84954,29.77207,31.54742,31.54742,31.54742,31.54742,34.61517,34.61517,34.61517,32.50366,33.4015,31.41125,31.41125,31.41125,31.61786,31.61786,35.58683,33.52586,33.52586,28.98473,33.31562,35.87903,34.32032,38.01703,38.01703,39.57419,41.28227,41.45721
eri,Eritrea,,,,,,,,,,,,,,,,,,,26.28431,28.9562,30.80018,30.80018,30.80018,30.80018,30.80018,30.25408,30.25408,30.25408,28.81461,29.86613,28.81461,28.81461,28.81461,28.81461,27.21757,27.21757,27.21757,25.25394,26.10473,27.89203,27.89203,26.3086,26.3086,26.3086,27.47091,30.77714,31.89352
esp,Spain,27.70186,28.55256,37.80707,47.83599,48.59532,54.66332,56.33361,57.68762,59.86978,57.68762,58.00589,63.13492,63.13492,63.40818,64.23144,66.9518,68.59213,68.86188,67.23185,69.15312,69.15312,70.18781,70.18781,70.51954,70.51954,75.02187,75.02187,75.43023,76.14994,81.65872,83.71862,83.71862,83.71862,83.71862,83.71862,83.71862,83.71862,83.71862,83.71862,84.37282,84.37282,82.88039,87.98655,91.6607,91.6607,92.7933,86.14865
est,Estonia,,,,,,,,,,,,,,,,,77.1444,76.89141,75.40244,75.40244,76.39445,76.39445,76.39445,76.39445,76.7343,79.42781,79.42781,79.42781,79.42781,79.42781,79.42781,76.81923,77.76927,80.40526,80.70806,80.70806,80.11734,82.05409,81.35008,79.52977,85.57932,86.81878,83.00023,83.43634,83.43634,88.32507,87.84444
eth,Ethiopia,16.1445,16.1445,16.1445,16.1445,16.1445,22.09488,22.56695,22.56695,22.56695,18.10107,22.56695,18.10107,24.29738,21.59614,21.59614,21.59614,27.06277,27.91284,28.3472,29.55574,33.04204,30.74226,30.74226,30.74226,31.20186,32.98718,33.39893,33.39893,33.39893,33.39893,34.75685,34.75685,32.33009,30.89364,32.33009,32.45565,32.45565,30.21136,32.88982,32.88982,32.97467,29.43171,32.97467,33.65336,33.76416,53.05844,53.82225
fin,Finland,66.25797,66.25797,66.55487,66.55487,66.83195,69.917,71.99636,73.17459,72.66146,72.66146,73.92197,73.92197,73.02274,74.33454,74.33454,73.02274,74.76034,74.76034,73.38483,74.76034,77.15699,80.109,80.109,82.11822,82.11822,83.57453,81.83239,81.83239,82.47242,82.47242,82.47242,82.47242,84.33544,82.47242,84.33544,84.33544,84.33544,84.33544,84.33544,84.33544,84.33544,85.25109,81.9995,81.9995,94.74097,94.74097,94.74097
fji,Fiji,30.22667,30.22667,29.41225,29.41225,29.41225,29.58114,29.11336,29.11336,29.11336,29.23656,29.23656,29.23656,29.19457,29.19457,29.19457,29.19457,31.33888,32.66551,35.41383,40.15985,40.15985,40.15985,41.18309,42.2242,43.30453,42.89411,42.45325,42.45325,42.54065,42.7678,42.7678,42.99102,40.51972,40.51972,38.28142,39.09915,39.09915,40.12115,40.12115,44.61183,48.79503,46.58311,47.23459,47.66214,48.88651,48.12502,45.22847
fra,France,57.92924,57.92924,58.23384,58.3431,58.4683,60.30265,61.77304,61.77304,61.77304,61.77304,61.77304,62.07601,62.07601,62.07601,62.07601,69.99736,69.99736,71.63034,70.25049,70.25049,71.54683,70.25049,70.67663,73.97886,72.3523,76.63919,76.63919,78.95833,76.74578,78.95833,76.74578,76.74578,78.56017,81.88971,81.37171,81.37171,81.37171,82.82326,82.82326,80.52561,82.31548,83.24622,86.60413,87.66707,83.64465,87.66707,87.66707
gab,Gabon,32.92501,32.92501,32.92501,32.92501,33.30012,34.89987,36.01952,36.01952,37.83455,36.30305,37.83455,37.83455,36.58253,36.58253,38.10748,38.85055,43.93224,43.93224,43.93224,46.06308,46.06308,43.94896,44.71469,44.71469,44.99561,46.41886,48.26621,48.26621,48.514,48.514,48.514,48.92,49.56765,49.17977,49.17977,49.56765,48.21406,50.04912,50.05276,50.05276,50.27641,50.64778,52.18975,53.32697,54.62213,55.94205,55.94205
gbr,UK,59.84282,59.84282,61.42645,61.42645,61.25578,63.12362,61.86946,61.86946,61.94665,61.94665,62.20886,62.20886,64.19818,64.19818,64.45697,64.5548,61.82716,60.49205,60.49205,60.49205,60.7948,60.7948,63.28455,63.28455,63.28455,63.28455,63.28455,63.28455,63.28455,63.28455,67.24938,67.24938,68.25915,65.76692,67.53736,70.14359,70.14359,73.3062,73.3062,73.3062,74.08027,75.1887,74.54514,74.54514,67.08057,73.93572,74.75408
geo,Georgia,,,,,,,,,,,,,,,,,56.41427,54.89923,55.27795,58.45891,57.19392,57.19392,58.57698,58.57698,57.4075,57.4075,58.72416,58.72416,58.72416,61.38193,62.9266,62.9266,62.9266,61.8661,60.89542,62.71032,63.03692,64.57852,63.70636,63.54622,64.37082,65.56196,67.54079,71.37071,78.05733,78.58972,77.09845
gha,Ghana,42.18776,42.18776,42.18776,42.5364,45.80661,46.96517,47.35543,51.40648,51.63044,51.63044,51.63044,51.63044,51.63044,51.63044,51.63044,50.43206,50.3987,50.6642,60.26262,60.26262,60.26262,62.03924,62.03924,62.03924,60.42593,61.7908,62.41358,62.41358,60.63371,60.94644,60.94644,60.94644,59.77125,60.7115,60.58302,60.58302,60.58302,60.94644,59.97525,59.97525,58.93604,56.34641,63.29515,63.29515,62.09264,62.48028,64.26063
gin,Guinea,28.26954,28.26954,28.26954,28.26954,28.26954,28.26954,31.30262,31.30262,31.30262,26.49942,22.73303,22.73303,23.12922,24.18446,23.12922,23.12922,25.26549,30.63871,30.63871,30.63871,29.82229,31.16697,29.82229,29.82229,29.82229,31.94567,33.18004,34.20883,33.12571,33.12571,33.12571,34.64334,34.64334,31.87327,30.37353,31.93129,31.93129,31.93129,33.91831,35.1597,35.1597,35.1597,35.1597,35.73888,35.971,36.60276,36.60276
gmb,Gambia,27.87371,27.87371,28.97351,28.97351,28.97351,30.60716,31.88315,33.22278,33.22278,31.81243,33.22278,33.22278,33.60266,34.82627,34.82627,33.60266,33.60266,33.89497,33.60266,32.74536,39.53463,39.53463,39.17318,39.36813,39.36813,40.36956,42.26964,42.87794,42.87794,44.06777,44.06777,42.77833,43.59919,44.29585,43.72246,45.2117,43.89066,43.89066,43.40784,44.24955,43.17705,44.75502,50.11102,53.95216,55.23027,56.20897,55.66752
gnb,Guinea-Bissau,32.01296,32.44442,32.44442,32.44442,32.44442,34.39494,33.23384,35.27591,35.46012,35.69652,35.69652,35.69652,35.69652,35.69652,35.87844,41.03289,41.03289,41.03289,42.89197,43.4941,43.4941,43.4941,43.4941,43.30034,43.43358,45.98124,45.98124,45.98124,44.78338,45.38946,45.38946,46.66612,46.66612,45.01689,46.2848,45.01689,45.01689,46.2848,46.2848,45.52109,46.78434,45.66725,46.91719,46.91719,46.91719,44.34313,44.34313
gnq,Equatorial Guinea,17.81131,17.81131,17.81131,17.81131,21.24996,32.492,32.84448,32.84448,31.96999,33.97643,33.97643,33.97643,34.29051,36.01758,36.01758,36.01758,36.01758,36.01758,35.64123,35.42017,35.42017,35.42017,35.42017,35.42017,34.89819,35.1835,36.13962,36.13962,36.13962,37.42411,37.6703,37.6703,37.6703,36.05319,34.94485,37.63096,37.63096,37.63096,38.53469,38.60455,38.60455,37.05204,37.96098,36.19232,36.26263,35.29845,34.23857
grc,Greece,51.65045,54.32349,54.44683,54.44683,54.6468,55.92619,54.99497,58.17437,62.02138,60.21913,64.06752,64.06752,62.27784,64.06752,67.56739,71.73151,71.73151,71.91831,71.97943,71.97943,72.20004,72.20004,75.52021,75.75978,75.75978,78.85568,77.04161,77.04161,77.04161,76.19304,77.74194,77.74194,77.88723,77.88723,78.40662,78.40662,78.40662,78.86144,78.86144,78.86144,78.61255,78.40662,82.35826,82.17616,82.35826,81.19654,81.19654
gtm,Guatemala,17.55072,17.88724,17.88724,17.88724,17.88724,21.6948,22.08089,20.3808,21.97347,21.97347,29.52475,32.57267,32.83591,33.08826,33.08826,38.37188,38.37188,38.37188,38.37188,40.7469,41.57199,46.36431,45.9895,45.9895,45.03111,45.03111,45.03111,45.03111,45.03111,45.28412,46.23052,47.92701,48.5886,47.51236,47.78004,47.78004,48.89628,48.89628,50.12952,50.73574,50.73574,50.49526,50.50248,51.38221,46.31276,49.21075,49.21075
guy,Guyana,41.41965,41.41965,41.41965,41.67402,41.67402,41.00041,40.97797,41.17586,41.17586,42.70521,43.01047,42.7338,44.51781,42.7338,42.91632,44.74053,42.91632,42.49694,42.19743,39.19302,39.19302,41.836,43.48468,51.58397,51.58397,50.12532,52.60667,52.60667,56.31406,57.35023,54.97522,55.75389,58.2402,59.19638,56.00395,57.17365,55.88502,58.67777,58.67777,58.67777,55.87211,59.61819,59.61819,59.61819,60.47078,59.61819,61.757
hnd,Honduras,23.75011,23.75011,23.75011,23.75011,23.75011,26.61816,29.80706,33.65869,35.07107,31.38738,35.35126,34.1849,34.1849,35.62118,36.14246,39.95763,42.29105,44.93463,42.70962,44.53452,47.14291,45.57297,45.98583,46.221,45.33724,49.1721,48.86301,48.86301,50.47639,49.04421,50.77607,52.2851,54.22302,52.49,47.377,47.377,50.69054,50.69054,51.11207,50.13465,50.13465,48.85513,48.21561,50.00443,48.47367,48.59205,51.88956
hrv,Croatia,,,,,,,,,,,,,,,,,48.73936,52.43331,54.65159,52.88164,53.264,53.264,59.3283,59.3283,57.72181,67.8605,69.78896,70.16372,68.22238,68.3178,67.73868,68.0114,68.96235,68.96235,71.32417,72.91031,72.91031,73.22622,73.22622,73.22622,71.0568,73.32297,68.75742,70.07,68.3074,73.86723,73.86723
hti,Haiti,23.23176,23.67554,23.67554,23.67554,24.09675,24.09675,24.25448,25.59233,25.30514,24.9737,24.9737,23.9549,29.05187,30.45429,28.66907,31.09912,31.794,29.45915,29.45915,30.54323,32.04935,32.04935,32.04935,32.04935,32.04935,33.72399,33.72399,33.72399,33.72399,34.4056,34.4056,32.29815,33.94618,33.94618,32.57479,32.57479,32.57479,32.57479,32.77866,32.77866,30.79771,32.50291,32.19351,31.20664,31.20664,34.26291,30.1283
hun,Hungary,61.13103,61.13103,61.48188,61.48188,61.48188,61.48188,60.67784,61.65676,62.75781,62.75781,62.23463,62.23463,62.23463,62.23463,64.76753,74.6305,74.96368,76.59283,74.96368,76.59283,76.59283,74.96368,74.06842,74.07204,72.06374,74.07204,76.8826,76.9776,74.18115,74.07204,74.07204,72.33065,74.3081,72.33065,74.3081,69.65149,70.02661,70.02661,73.57901,73.69367,73.69367,74.09729,72.24146,68.37339,67.41486,71.15626,71.41594
idn,Indonesia,28.00141,28.00141,28.00141,28.26961,28.26961,28.26961,29.70874,30.03034,30.03034,30.03034,31.54582,31.54582,34.19342,35.58407,35.58407,34.19342,34.43071,34.43071,34.43071,34.43071,34.43071,34.43071,34.65219,42.57449,49.14995,49.56745,49.83829,50.24795,50.24795,50.73572,49.68793,48.31024,49.88658,49.94316,49.32904,50.71248,50.9688,50.9688,48.52629,48.73053,47.31474,48.34757,49.0661,49.07587,51.41794,52.64561,53.8152
ind,India,43.4994,43.4994,43.30067,43.30067,43.30067,45.69596,45.96457,46.39116,46.39116,47.24534,47.24534,47.24534,47.24534,47.24534,46.39116,46.17733,49.17205,48.99505,48.99505,50.28874,50.45643,50.21529,50.21529,50.45643,50.45643,52.38081,52.14133,52.14133,52.14133,52.14133,52.14133,52.12536,52.35466,52.12536,52.58658,50.16359,52.06559,52.06559,50.84262,50.27608,49.3151,50.19674,50.19674,50.43182,44.46207,47.48276,48.84058
irl,Ireland,45.97035,45.97035,47.91841,47.72294,47.72294,51.74219,53.88804,55.53121,56.09329,54.11589,57.68051,57.68051,57.68051,57.68051,57.68051,61.583,61.583,62.0833,62.0833,65.06684,65.96071,65.06684,65.06684,65.06684,65.06684,65.06684,65.33499,65.50501,65.50501,67.34829,67.34829,67.34829,68.67958,67.64481,68.67958,68.67958,69.18585,69.8472,72.85257,71.74608,76.25302,79.45252,76.02804,78.36652,78.36652,76.07005,76.07005
irn,Iran,25.06044,25.06044,25.47512,25.47512,18.46121,13.22574,10.37166,10.37166,10.87151,10.87151,10.87151,10.87151,10.87151,11.21847,13.73117,13.73117,13.73117,13.73117,15.64646,15.88127,15.88127,15.88127,23.05916,24.29223,24.29223,24.0073,24.0073,24.18757,25.25986,23.83241,22.94166,21.75347,21.75347,21.88079,21.88079,23.9294,24.04758,24.04758,24.7958,24.7958,24.7958,24.34706,23.14484,24.85282,24.19237,24.24318,19.82895
irq,Iraq,17.14625,17.14625,17.14625,17.89068,17.89068,18.77586,20.76398,22.41999,22.41999,24.73676,24.73676,24.73676,24.73676,23.56326,23.79268,23.79268,23.83812,21.8159,20.94873,20.94873,20.94873,18.57455,18.57455,18.57455,16.64929,17.04523,18.99399,18.99399,29.30717,31.21096,32.15694,33.40863,31.06674,31.06674,33.40863,31.40967,31.40967,31.40967,30.76682,29.6948,29.99038,29.99038,27.15638,29.99038,30.2541,30.2541,28.56115
isl,Iceland,51.05145,51.05145,52.34397,52.34397,52.61789,54.01711,53.60302,55.36131,57.10314,61.75181,63.13071,63.13071,63.72845,63.72845,64.56301,64.56301,64.9908,66.06905,66.66975,67.76465,67.76465,66.91387,67.16174,67.16174,69.50606,75.53677,75.53677,75.53677,76.92814,73.35172,73.35172,75.53845,75.95505,75.95505,76.39358,77.90939,77.90939,77.90939,79.8667,79.8667,79.8667,77.01307,73.08822,75.23936,75.23936,76.61288,82.62886
isr,Israel,67.31011,67.31011,67.31011,67.31011,67.31011,69.57009,69.66577,69.66577,69.66577,70.01806,70.01806,70.01806,70.01806,69.93745,69.93745,69.93745,68.14115,68.62787,68.62787,68.62787,68.62787,68.43001,68.43001,68.43001,68.88297,69.17221,69.17221,69.17221,69.49823,69.49823,69.49823,68.10379,68.10379,68.10379,68.48792,70.20297,68.48792,68.48792,69.22567,69.22567,69.50132,69.09662,69.09662,69.79955,68.27306,71.029,71.34351
ita,Italy,53.51974,54.02348,54.02348,54.02348,54.21189,62.92153,63.72209,61.61433,61.61433,63.9601,61.9036,61.9036,64.95046,64.95046,64.95046,67.02796,73.76418,73.54771,75.3446,75.92936,76.19049,75.79745,75.79745,76.10466,76.10466,76.10466,76.36153,76.36153,76.36153,76.36153,76.74762,77.36986,78.65372,77.81346,77.81346,80.6142,81.73185,81.73185,82.47403,82.47403,82.47403,83.23596,82.69677,80.23262,82.97418,90.80083,90.80083
jam,Jamaica,67.33887,67.76846,68.14654,68.14654,68.14654,72.40324,74.23796,74.6111,74.84063,76.42851,76.42851,75.24253,76.83101,75.24253,72.90858,79.45149,79.45149,79.94592,80.31699,80.31699,80.31699,80.31699,77.40195,75.81216,77.40195,77.40195,77.40195,77.27325,75.67089,75.67089,76.13528,79.33201,81.00295,81.00295,79.45643,79.45643,79.33201,79.33201,80.81364,80.81364,80.81364,83.58949,81.23656,81.23656,81.23656,82.43882,82.43882
jor,Jordan,20.4207,21.16433,21.16433,21.16433,21.75591,27.2568,27.01781,27.33477,27.33477,27.01365,27.25547,28.45462,27.25547,29.23691,35.45432,35.56299,35.77265,35.77265,37.8352,36.1947,36.1947,36.37189,36.14576,36.3038,36.3038,42.71678,42.71678,42.71678,44.37638,44.37638,46.48557,44.34886,46.93896,45.14205,45.14205,46.3856,46.3856,46.3856,46.5192,46.5192,46.5192,46.93996,46.36786,46.36786,46.36786,46.9415,45.49817
jpn,Japan,48.51845,48.51845,48.51845,48.51845,48.71402,49.25179,46.29477,49.76729,49.76729,49.76729,49.76729,55.1554,55.1554,55.1554,55.1554,55.27879,55.27879,55.27879,55.27879,55.27879,56.93856,57.18397,58.92543,59.2065,59.2065,57.77005,59.64932,59.64932,59.64932,59.64932,62.09581,60.30226,60.30226,60.30226,60.49285,60.79089,60.79089,60.42552,60.42552,60.60166,58.59039,58.90162,61.72093,60.48812,60.2903,59.39701,57.11494
kaz,Kazakhstan,,,,,,,,,,,,,,,,,57.85217,57.22108,55.89336,56.74705,56.74705,56.93126,56.93126,56.93126,56.56785,56.56785,56.72713,56.72713,56.72713,56.72713,56.72713,56.86306,57.42328,57.42328,57.61847,56.2761,56.2761,56.82148,57.4893,57.60837,57.60837,55.9294,59.61656,58.35339,58.35339,58.51729,60.6373
ken,Kenya,25.72922,25.72922,26.08082,26.08082,25.71974,25.71974,27.62668,27.62668,27.2262,27.2262,29.48808,29.48808,29.48808,29.48808,27.50855,28.60424,28.60424,37.12578,37.12578,37.12578,37.41736,38.18011,36.15139,36.15139,35.82517,37.86301,38.10988,41.30736,42.33131,42.33131,42.33131,40.87719,41.28502,42.74407,41.28502,46.32255,46.32255,45.6899,46.57626,48.8547,48.8547,48.23486,51.04071,49.26588,51.20762,52.22751,52.22751
kgz,Kyrgyz Republic,,,,,,,,,,,,,,,,,50.99586,52.65697,52.65697,51.89779,51.29888,50.83315,50.83315,50.98011,51.40768,51.10472,51.10472,51.10472,49.50184,49.61486,47.19994,47.19994,52.11524,52.11524,52.11524,57.4893,54.96921,54.96921,55.62007,55.62007,55.99552,54.90678,55.99552,56.84712,52.97934,52.80688,49.57046
khm,Cambodia,18.10188,23.38856,24.58258,24.58258,24.58258,24.02585,24.02585,24.02585,24.02585,24.02585,24.42083,24.47179,24.51437,26.15847,26.15847,27.24645,27.24645,30.33894,29.25207,36.31995,36.31995,36.31995,36.31995,37.98152,37.98152,41.9659,41.9659,41.9659,43.73085,43.73085,42.17059,42.17059,43.73085,43.09614,43.47582,43.47582,43.09614,43.09614,44.63367,44.63367,44.63367,41.50193,42.70479,42.70479,42.70479,42.80021,40.94282
kor,South Korea,35.25351,35.52829,35.52829,34.95335,34.95335,36.94079,35.74752,35.74752,35.98392,35.98392,33.98607,35.90471,36.69352,44.7046,44.96752,45.87965,45.87965,45.87965,49.6041,50.0396,50.0396,50.0396,50.0396,57.0561,57.0561,61.48696,61.48696,62.38643,63.77295,64.00729,62.6245,62.6245,62.6245,64.00729,64.00729,66.43156,66.26467,66.43156,66.43156,66.43156,64.84236,66.04974,63.86916,64.00176,60.24076,60.65752,61.60042
kwt,Kuwait,13.27313,15.02597,15.36393,15.36393,15.36393,20.08423,15.96723,15.96723,15.96723,15.96723,18.03132,19.38139,19.38139,19.52678,19.52678,23.89933,21.60591,20.03463,22.11247,20.14738,20.14738,22.32759,22.32759,22.40385,22.40385,26.29069,26.29069,26.36309,26.36309,26.36309,29.59624,28.13592,29.86049,30.42715,35.59859,33.00453,34.25269,33.72516,33.72516,32.99096,32.99096,32.56061,34.75167,35.50739,36.61987,35.23799,30.87974
lao,Lao,28.36006,39.94943,41.0626,41.0626,41.0626,41.0626,41.73703,41.70148,41.91788,37.21084,39.37867,39.37867,37.21084,39.66777,41.70591,41.70591,43.28919,44.36664,44.36664,44.36664,44.36664,44.36664,45.76272,45.76272,47.70324,49.08659,49.08659,49.08659,49.08659,49.53701,49.53701,49.7047,49.7047,50.48955,49.9395,47.93784,47.93784,47.93784,47.93784,47.93784,47.93784,45.39643,54.78481,51.048,48.34958,54.14354,49.86023
lbn,Lebanon,29.32854,29.32854,29.32854,29.32854,29.32854,29.32854,29.32854,29.53838,29.53838,29.53838,29.53838,29.53838,29.53838,29.53838,29.53838,31.73824,32.11193,32.50198,32.70188,32.70188,32.70188,32.70188,32.70188,32.70188,32.70188,34.62685,33.78323,33.78323,33.78323,33.78323,34.54135,34.7996,34.7996,34.91692,32.871,34.51331,34.60735,34.60735,35.41101,35.41101,35.41101,35.47878,37.44953,40.53444,38.67676,38.06302,35.97064
lbr,Liberia,25.00627,25.00627,25.00627,25.00627,25.00627,39.59954,34.99698,36.98822,36.98822,36.17334,37.39214,37.39214,37.62296,37.62296,38.1161,39.16965,39.16965,39.16965,39.43698,39.74802,39.6529,40.35228,42.37575,42.62191,42.62191,44.821,44.821,44.821,43.19586,47.75157,56.7646,63.11126,57.83094,67.49987,61.86331,57.83094,61.61736,61.61736,61.61736,61.61736,61.61736,55.62268,58.0752,54.25537,54.25537,55.52747,53.98795
lby,Libya,20.29249,20.29249,16.51956,16.51956,16.51956,16.51956,10.85835,20.00857,20.00857,12.67795,21.05644,21.05644,21.05644,21.89927,21.89927,18.39776,22.60051,22.60051,15.27451,23.20059,23.20059,23.71792,23.71792,23.71792,24.1626,24.1626,24.1626,24.54574,29.26656,27.72569,28.26117,29.90431,32.39766,36.01031,38.16021,36.14274,26.93574,33.49455,33.49455,32.89434,31.95464,29.38198,32.97376,32.97376,32.97376,31.35487,31.35487
lka,Sri Lanka,48.95144,48.95144,48.76927,49.03897,49.03897,50.1301,48.22137,50.25838,50.50364,50.50364,50.73996,50.73996,47.47091,50.95793,51.4435,53.14018,51.61199,51.75817,53.29793,51.8824,53.03832,53.15981,53.15981,53.15981,53.15981,53.00251,53.15981,53.26135,53.26135,53.26135,53.26135,51.03568,51.87489,53.26135,53.26135,53.26135,53.26135,53.26135,54.38052,54.53549,54.60372,57.00745,58.10451,56.00855,56.00855,59.3792,63.19531
lso,Lesotho,47.62114,47.62114,47.62114,47.62114,47.62114,50.1181,47.25475,45.48381,45.48381,44.95585,45.86167,46.23807,43.63477,46.23807,44.2597,45.48381,47.75804,47.43982,48.3664,50.10544,50.10544,51.09074,52.37529,54.3841,52.17496,53.51341,53.51341,55.02476,55.02476,55.02476,55.02476,56.49842,58.12114,63.77702,58.12114,58.12114,58.12114,58.12114,61.3059,63.62062,61.3059,62.95878,60.98619,62.38829,56.75885,57.5293,62.86264
ltu,Lithuania,,,,,,,,,,,,,,,,,67.11718,69.83193,69.83193,69.83193,69.83193,71.08597,71.08597,71.08597,71.08597,72.90209,72.90209,72.90209,72.90209,75.88034,78.51829,80.01574,78.51829,78.95685,78.15516,78.15516,78.15516,78.95685,76.55975,76.55975,76.55975,77.08397,78.17002,78.17002,78.53511,77.9564,82.77791
lux,Luxembourg,59.29796,59.29796,59.29796,59.29796,61.00266,61.00266,61.88139,61.88139,61.88139,61.66482,61.66482,61.66482,61.66482,63.60431,64.07328,65.08219,65.08219,65.08219,64.07328,65.60629,66.76706,66.76706,66.76706,66.76706,65.36771,65.36771,65.36771,65.36771,65.36771,66.51203,68.83868,71.28233,69.76236,69.76236,70.40815,69.76236,72.90074,72.90074,72.90074,73.29588,73.61825,72.2456,69.8217,73.61825,74.15288,74.00419,74.57825
lva,Latvia,,,,,,,,,,,,,,,,,71.78829,76.44246,76.54988,76.54988,76.05498,74.40696,74.40696,75.17134,75.17134,77.47911,77.47911,79.42781,80.83793,81.33811,79.69783,79.39853,83.22038,81.73158,83.46387,81.73158,81.99839,85.75429,86.50958,83.70122,83.70122,89.7658,82.00563,83.43634,83.43634,87.24404,89.03117
mar,Morocco,25.65362,28.84325,23.8482,23.8482,23.8482,25.62067,25.5653,25.5653,25.5653,26.19759,27.32821,27.32821,27.32821,27.32821,27.32821,27.32821,28.76364,28.76364,29.28841,29.28841,29.28841,29.28841,31.85346,32.47797,31.97661,39.11294,41.81897,48.03675,48.03675,48.03675,48.03675,48.22214,49.85192,48.55335,48.55335,48.55335,49.91262,51.49148,47.82738,46.18356,49.46071,47.26212,49.86993,49.86993,49.86993,50.11522,52.10296
mda,Moldova,,,,,,,,,,,,,,,,,62.29052,58.37271,58.37271,58.66843,58.66843,58.66843,58.66843,61.58688,63.912,63.912,64.50618,64.50618,65.5957,65.83508,64.7395,65.55021,65.55021,63.66282,66.51204,67.87707,67.87707,67.60598,67.60598,67.89272,65.47006,70.61313,63.5748,63.5748,63.90841,66.17689,77.56843
mdg,Madagascar,34.53957,37.64414,38.74405,38.74405,38.74405,39.32374,39.70383,39.70383,39.43845,39.43845,39.43845,39.7174,39.7174,39.7174,43.77332,44.08082,44.08082,44.46439,43.2302,41.66383,41.66383,41.66383,41.66383,44.67413,44.67413,45.46959,45.46959,46.62188,43.14665,45.08233,45.08233,45.08233,49.28978,53.52683,51.89969,51.68348,52.75378,52.75378,53.41337,59.23419,56.28907,52.55468,56.28907,50.37683,48.82788,48.32973,46.20093
mdv,Maldives,29.68947,30.90969,30.90969,30.90969,32.40773,33.11107,33.11107,33.44072,33.44072,33.06195,33.06195,33.06195,33.06195,33.06195,34.0997,34.0997,34.0997,34.0997,34.41259,34.41259,34.41259,34.41259,34.41259,34.70684,34.70684,38.22145,35.85637,36.12811,37.01417,39.38809,44.65553,44.65553,45.00832,49.0042,41.93086,50.1299,48.80586,49.5759,39.70431,39.61324,37.26679,36.33678,41.32881,41.11448,46.97827,45.52301,46.96105
mex,Mexico,29.09609,29.7055,29.7055,29.7055,33.52074,33.52074,34.56672,34.88739,34.88739,34.88739,36.15591,36.15591,36.15591,36.29554,36.51981,36.51981,37.06678,35.8415,35.8415,42.2715,42.2715,42.5365,44.28855,44.28855,44.28855,44.61003,46.12535,46.12535,45.22217,45.22217,45.22217,46.81753,48.06649,46.04463,47.90058,50.38327,50.5394,50.67531,49.67647,50.14601,52.46334,50.14601,50.14601,52.73718,57.02309,57.02309,54.9817
mkd,North Macedonia,,,,,,,,,,,,,,,,,46.86638,46.86638,45.38638,47.09388,49.22001,47.1224,47.1224,51.1523,51.1523,52.72781,52.72781,58.75442,58.75442,60.58687,60.58687,61.81511,61.81511,63.07547,62.04133,63.83806,63.8878,64.15094,62.94936,63.19479,63.19479,60.6073,59.41648,58.93362,58.54118,57.73736,61.47037
mli,Mali,30.06116,30.06116,30.06116,30.06116,30.08194,30.08194,28.25263,28.3949,28.3949,25.00949,29.09441,25.76745,29.68562,29.68562,33.33816,31.6268,31.39886,39.02679,40.62305,40.62305,40.62305,43.19348,45.33698,45.33698,45.33698,45.33698,45.33698,45.09807,45.09807,45.09807,45.30925,45.30925,45.30925,45.30925,45.30925,45.30925,43.46895,42.96893,44.93637,43.22524,45.06026,43.73191,45.69465,44.4569,45.57934,47.60163,46.86786
mlt,Malta,49.24816,49.04872,51.81922,51.81922,52.02621,52.02621,52.02621,52.02621,52.02621,52.02621,52.02621,52.02621,53.62249,55.5071,55.5071,55.5071,55.5071,55.38785,55.38785,55.38785,55.38785,56.26566,56.26566,58.27481,58.27481,58.27481,54.93052,55.27287,59.70269,64.95806,66.63131,66.63131,67.7561,66.74334,69.5372,69.5372,69.79491,69.79491,70.30245,70.30245,70.30245,71.50425,67.83589,69.38437,69.53786,69.82192,71.57155
mmr,Myanmar,21.14571,21.14571,21.14571,22.09577,22.09577,22.09577,23.74966,21.73613,21.73613,24.03211,22.75263,24.03211,24.03211,30.76084,31.0081,31.0081,31.0081,31.0081,32.69633,32.90354,32.90354,32.90354,32.90354,33.09181,33.09181,31.43072,32.91169,33.11097,31.6079,31.76053,31.76053,30.06726,30.06726,33.64676,35.15701,44.27513,44.78503,44.78503,43.46378,44.49651,47.51107,52.93992,50.15408,52.42038,51.48866,50.92239,43.09622
mne,Montenegro,,,,,,,,,,,,,,,,,,,,,,,,,,,,,,,,46.77955,49.28548,49.6947,50.76264,50.76264,50.94216,51.64143,51.47265,51.64143,52.97434,54.31898,55.07632,55.07632,55.07632,54.335,54.335
mng,Mongolia,49.7506,49.7506,49.9923,49.9923,50.38332,50.38332,52.01493,51.05521,51.28014,52.69137,51.30372,51.44987,53.17949,53.29699,53.29699,48.79303,52.07156,55.00485,55.00485,58.08221,58.08221,60.29929,60.29929,60.29929,60.29929,61.28639,60.58855,60.58855,60.58855,60.17161,60.17161,58.42625,60.17161,63.18981,63.18981,61.4069,63.18981,64.33045,61.4699,61.4699,66.24679,62.20428,63.94435,62.43166,61.42956,58.54671,57.18298
moz,Mozambique,32.1753,37.92315,40.58018,40.58018,40.58018,40.76979,41.33065,43.20145,41.63488,41.63488,41.63488,41.63488,41.63488,41.82156,41.82156,46.30077,46.45777,46.45777,48.19229,49.21798,52.64761,52.64761,52.64761,52.78387,55.90639,56.73057,54.9314,57.1757,57.1757,57.49906,57.49906,57.49906,56.15164,57.24119,55.22777,59.66327,59.79829,59.79829,54.67202,54.67202,55.85569,61.05632,58.81951,58.98948,58.39415,60.54304,58.46026
mrt,Mauritania,27.17695,27.17695,27.17695,28.62002,24.74388,24.74388,24.81614,24.81614,24.81614,22.8982,24.81614,24.81614,22.8982,24.81614,24.81614,24.81614,25.53466,23.51894,27.9842,27.9842,29.48427,29.92754,29.92754,29.92754,29.92754,29.92754,30.78121,31.12133,31.20055,34.64998,35.30264,34.52735,37.92472,37.92472,36.03145,36.35897,36.35897,36.35897,40.13196,40.13196,40.13196,37.86369,40.49105,38.45747,40.56615,37.42604,37.95699
mus,Mauritius,38.32436,40.33974,40.63841,41.56186,41.56186,48.02954,46.06178,46.82793,49.03478,49.03478,49.03478,49.03478,49.41664,49.41664,50.52008,54.7785,51.41907,54.28702,54.28702,56.77615,57.609,55.91382,55.91382,53.75562,55.99878,55.8137,55.8137,53.63985,56.43943,56.43943,61.19211,61.19211,62.18295,61.52695,61.52695,62.5053,62.8192,62.8192,64.17732,63.84823,63.84823,62.45255,62.45255,62.70024,63.58147,61.29543,61.29543
mwi,Malawi,25.01415,25.01415,25.01415,25.3628,25.3628,25.8385,27.74288,27.74288,26.92731,26.92731,26.92731,25.38226,27.94816,28.10225,28.10225,28.10225,28.10225,28.34191,29.86465,34.22158,38.12908,38.12908,38.12908,38.12908,40.80241,46.36422,46.36422,46.36422,46.58013,47.42046,47.42046,47.42046,47.42046,45.80629,48.86762,50.41688,50.81894,50.81894,51.67453,48.4822,47.55626,48.4822,46.3751,47.43539,46.27514,48.96064,50.18229
mys,Malaysia,35.28249,35.67263,35.67263,36.07675,36.07675,37.36067,38.55638,39.59749,39.6377,39.6377,41.41519,39.88455,39.88455,39.88455,40.1269,41.43763,41.43763,41.65694,43.09444,41.65694,42.07082,42.28651,42.28651,43.75765,43.76494,43.76494,43.76494,43.96721,42.46374,46.19148,46.19148,46.19148,48.24209,46.50215,46.62094,46.44748,47.45978,47.45978,47.54733,47.54733,47.61807,46.35645,48.09242,49.20147,48.43652,52.06348,52.06348
nam,Namibia,,,,,,,,,,,,,,,,45.25235,45.94082,45.94082,45.94082,47.10496,48.41735,48.65263,48.65263,50.91991,52.59282,53.88375,53.88375,55.71273,53.88375,54.01963,52.80683,53.96516,55.44973,55.79031,54.06418,55.79967,55.65665,55.65665,58.77881,59.24988,59.24988,58.2881,62.13593,59.35415,56.32116,54.99932,54.99932
ner,Niger,36.06248,36.06248,36.06248,36.06248,36.06248,36.06248,30.90056,33.34997,35.1683,35.1683,36.17452,36.17452,36.17452,44.08236,43.2925,43.14956,43.84055,43.84055,46.68508,46.68508,46.22928,47.39382,45.81107,45.81107,45.81107,47.42703,47.42703,47.42703,47.42703,51.65983,51.38862,52.82951,52.82951,52.82951,52.75299,58.86673,57.23194,56.23975,55.78974,55.78974,57.3097,56.58573,57.48942,58.02806,54.8021,54.01907,50.4535
nga,Nigeria,29.3482,29.3482,29.3482,29.3482,29.3482,29.76987,27.45984,27.45984,27.45984,26.12049,31.93874,31.93874,30.69781,32.62843,32.62843,32.57544,34.31831,33.43898,34.31831,34.31831,34.31831,32.57544,35.09734,38.55318,41.93936,41.93936,39.3838,39.3838,40.26291,40.26291,40.26291,38.15099,40.26291,40.91148,40.91148,41.82859,40.85685,41.19077,41.19077,42.15749,42.70549,42.70549,42.70549,39.52565,40.44296,40.07474,37.01467
nic,Nicaragua,22.09468,22.09468,22.09468,22.09468,25.29591,44.45272,44.83828,46.22524,44.71238,44.83828,47.18246,45.69497,45.69497,45.69497,45.69497,50.21631,50.21631,50.21631,51.73101,51.73101,50.5637,50.12311,50.12311,47.58834,46.08089,46.26115,47.07235,47.24068,49.1534,47.3844,47.3844,47.19544,52.13487,52.96615,51.05425,53.71558,54.47039,56.67437,56.67437,56.67437,56.67437,55.33265,52.07156,48.44737,49.54602,53.87246,53.87246
nld,Netherlands,57.78547,57.78547,58.50274,58.50274,58.50274,61.70954,63.58646,62.86158,63.08711,65.8451,64.88324,65.12203,71.41297,70.14138,70.59662,73.69181,72.46668,72.46668,76.57975,77.85215,80.08939,80.08939,80.08939,82.14999,80.28034,88.49024,88.49024,88.66697,94.81055,91.92799,91.92799,91.92799,92.1502,92.1502,97.02792,97.02792,97.02792,97.37472,89.82927,89.82927,89.82927,89.82927,88.6692,84.1114,84.52756,84.52756,89.90519
nor,Norway,82.72592,88.50822,89.7264,89.7264,89.7264,89.87786,87.21406,87.21406,87.21406,87.21406,91.92799,91.92799,91.92799,91.92799,91.92799,92.1502,92.1502,92.1502,93.90489,93.90489,93.90489,93.90489,92.44979,92.86771,92.86771,92.86771,92.86771,92.86771,92.86771,93.47372,98.66008,98.66008,96.49509,98.66008,98.66008,98.66008,98.66008,98.66008,98.66008,98.66008,98.66008,96.10848,94.19355,100,100,100,100
npl,Nepal,18.93794,18.93794,19.65924,19.65924,19.65924,20.63207,21.26984,23.17486,23.17486,23.17486,23.17486,25.60098,25.93329,25.93329,25.93329,36.01138,37.65372,39.12143,39.12143,39.12143,39.12143,39.12143,39.12143,39.45239,42.10239,45.84,45.84,46.60315,46.60315,46.60315,46.77879,44.32028,47.83176,58.24334,57.08071,56.53062,56.53062,55.03003,55.38735,56.59196,57.52336,61.68806,62.29287,59.12376,58.5698,56.99711,56.53842
nzl,New Zealand,60.21683,60.93369,60.93369,61.2391,61.2391,61.2391,62.48698,62.48698,62.7714,63.84391,65.67629,65.67629,65.86973,66.16105,66.16105,70.57427,70.57427,70.57427,71.4925,71.4925,73.45082,74.03964,74.03964,77.54212,82.81022,82.81022,82.81022,82.81022,83.14132,83.14132,85.17735,82.91809,84.27744,85.38249,84.69811,86.96232,86.96232,86.96232,86.96232,86.96232,86.96232,85.38249,87.70585,87.70585,87.70585,87.70585,87.70585
omn,Oman,16.13978,17.09711,17.09711,17.09711,17.09711,17.96799,14.84357,14.84357,16.94919,14.84357,16.94919,17.56846,17.56846,17.56846,17.56846,18.03492,18.03492,18.03492,21.37669,21.68542,21.68542,23.37404,24.71423,24.97644,24.97644,27.05504,27.27343,28.37728,30.28922,29.85091,28.67865,28.67865,29.32621,28.1466,29.49703,29.49703,30.41691,30.55912,30.55912,30.68055,30.68055,30.78071,30.78071,30.78071,31.1935,26.16984,27.63851
pak,Pakistan,35.88753,35.88753,37.03515,36.17554,36.17554,36.17554,31.78218,34.5083,34.5083,31.78218,38.10804,38.10804,38.35514,45.7527,47.37672,42.05071,38.99764,38.99764,38.99764,38.99764,38.99764,38.99764,39.94502,39.94502,42.0191,43.10185,46.73194,49.18798,49.18798,49.33835,49.33835,49.33835,49.33835,46.69015,47.14205,54.63791,54.63791,54.04361,52.1279,54.44027,52.7091,54.86703,51.32299,51.32299,49.56553,49.76963,54.74283
pan,Panama,35.98424,35.98424,35.98424,37.81315,37.81315,37.09584,37.34312,32.94209,32.94209,36.38609,36.54086,36.54086,36.54086,36.54086,36.54086,52.41796,52.41796,52.41796,52.41796,52.75612,52.75612,54.12753,54.29957,52.91608,54.46007,58.37717,58.37717,58.56623,57.12848,59.19115,59.19115,59.19115,60.6548,60.84753,60.01541,60.01541,60.01541,60.01541,61.89752,62.92493,62.92493,62.92493,61.76869,61.76869,62.20004,59.96827,58.36386
per,Peru,24.49525,24.49525,24.49525,24.877,24.877,33.48041,33.68643,33.68643,33.68643,35.91144,35.92465,38.01986,38.01986,38.01986,35.51522,39.95751,41.00022,41.00022,44.72161,44.72161,45.00993,47.21955,47.21955,47.21955,47.56717,50.31085,51.43236,52.24479,52.24479,52.24479,52.97196,51.81365,53.78921,51.81365,51.81365,52.82926,52.77609,52.77609,53.337,53.337,52.77609,53.92051,53.70362,57.87291,61.20272,56.44606,59.94262
phl,Philippines,44.47809,44.47809,44.47809,44.00714,44.21278,44.21278,45.82438,45.82438,46.0198,46.0198,46.0198,59.47931,59.80819,58.81423,59.19478,60.1375,60.1375,60.7042,60.7042,60.7042,60.58367,61.68998,61.97249,62.58113,62.36086,65.72579,64.75301,64.75301,64.75301,64.50475,64.50475,64.7439,65.26971,65.26971,65.26971,68.55853,66.87631,66.87631,65.00447,65.00447,67.51063,64.00446,62.54713,62.54713,60.6373,60.6373,60.6373
png,Papua New Guinea,22.58865,22.58865,24.23458,24.23458,24.61584,24.61584,24.68558,24.27656,25.34212,24.27656,25.34212,25.34212,24.89301,24.89301,25.20993,24.12853,24.12853,24.12853,24.12853,24.12853,24.12853,24.12853,24.5737,24.5737,24.5737,24.5737,24.83159,24.83159,24.83159,24.83159,24.83159,24.83159,24.83159,24.83159,24.83159,23.26289,23.26289,23.89272,23.89272,23.89272,23.89272,23.89272,23.23971,23.23971,23.23971,19.50255,21.31474
pol,Poland,54.96008,55.36486,55.60691,55.60691,55.82747,57.63766,57.09246,55.71524,57.30866,55.71524,57.28593,57.28593,57.28593,57.28593,61.572,76.55126,78.93814,77.50703,77.81126,77.81126,77.81126,77.81126,77.81126,77.81126,75.11726,77.81126,78.32239,79.66271,78.74488,78.74488,78.74488,78.74488,80.07908,78.74488,78.74488,78.74488,79.76147,79.76147,79.76147,79.76147,80.12403,80.04886,71.9113,71.9113,71.9113,72.6918,70.17402
prk,North Korea,43.96352,43.96352,43.96352,43.96352,43.96352,43.96352,44.79426,44.79426,44.79426,43.79052,43.79052,43.93893,43.93893,43.93893,43.93893,43.79052,43.79052,44.11039,44.11039,44.11039,45.15579,45.15579,45.50193,45.50193,45.50193,45.82026,45.82026,45.82026,42.03833,46.34266,43.12356,46.54631,46.71749,46.15742,46.15742,46.5188,47.12579,47.44346,47.66337,47.44346,47.44346,42.25105,45.4339,42.25105,42.46244,42.46244,42.46244
prt,Portugal,59.65903,62.07542,64.05543,66.01674,66.36703,62.0869,61.18575,62.75855,62.95093,62.95093,62.84413,62.84413,62.95093,63.17064,63.17064,64.79865,65.17175,65.17175,65.17175,65.44394,70.66321,70.66321,70.91481,72.2046,71.51824,73.06918,73.06918,73.56877,73.56877,73.88281,71.81224,70.35119,72.39063,72.39063,72.71321,73.8663,72.71321,75.68896,72.71321,73.04978,75.35179,81.82426,75.94253,77.27919,76.57548,84.40313,81.32022
pry,Paraguay,18.17297,18.17297,18.17297,17.80292,17.80292,17.80292,18.75241,18.75241,17.72911,17.72911,17.81753,17.81753,17.81753,18.40358,24.75728,35.26412,35.26412,37.31962,38.46662,38.46662,38.46662,38.46662,38.6677,38.6677,38.6677,41.95057,41.95057,41.95057,43.1493,43.32267,43.50172,43.50172,43.50172,46.13051,46.13051,48.41474,48.41474,48.41474,48.03404,48.34522,48.5011,47.14128,48.34708,48.5011,48.63493,46.64396,49.99319
pse,Palestine,,,,,,,,,,,,,,28.71037,29.01049,29.01049,29.01049,29.01049,34.07313,38.89059,39.80766,42.85892,44.56498,45.95285,45.95285,47.59379,47.59379,47.87126,47.87126,50.73898,51.54673,53.09511,53.46256,53.46256,53.73317,51.29464,51.47062,51.47062,51.47062,51.62412,49.92808,50.05451,50.05451,46.94248,47.03556,44.63213,38.86464
qat,Qatar,14.28231,14.68551,14.68551,14.68551,14.99533,14.99533,14.99533,15.23826,15.23826,15.43011,15.43011,15.58337,15.58337,15.70724,18.12914,25.40542,26.6794,26.75825,26.86664,26.90361,26.93237,33.02881,31.22452,31.22452,31.22452,33.77055,33.33653,33.33653,32.93026,31.39544,32.93026,31.61521,32.97092,32.97092,32.97092,32.97092,32.97092,32.97092,32.97092,32.97092,32.97092,37.89574,39.07131,37.57354,37.57354,34.77718,34.38193
rou,Romania,60.68698,60.68698,60.68698,60.87654,60.87654,62.26577,65.12056,65.12056,65.32023,65.32023,66.36408,66.36408,65.55507,65.55507,65.55507,58.37857,56.75571,56.75571,56.75571,56.75571,57.02462,59.30003,59.30003,59.30003,59.30003,61.16829,61.42921,61.42921,62.96073,63.12204,61.60161,61.42921,59.94387,61.68082,61.68082,63.37548,61.85249,62.03568,61.39632,61.64564,61.64564,62.62864,62.89307,65.08544,69.11372,67.75819,66.80495
rus,Russia,50.64557,50.64557,50.64557,50.64557,50.8012,50.8012,53.12574,53.12574,53.12574,52.96263,52.96263,52.96263,52.96263,52.96263,49.90362,52.22155,50.43383,51.60087,52.21224,52.57771,52.09104,52.09104,52.09104,52.09104,51.3586,48.69264,51.3586,50.87844,49.36486,49.36486,50.87844,51.31297,53.07418,51.31297,51.31297,51.31297,51.31297,51.31297,51.31297,51.31297,51.31297,53.81388,51.66359,51.66359,50.56123,50.42042,50.42042
rwa,Rwanda,28.37001,28.37001,28.37001,28.37001,28.78056,32.61703,33.815,33.815,35.01339,35.01339,35.01339,35.2643,35.2643,35.4492,35.4492,38.10801,38.10801,38.60627,37.92499,37.48599,44.70514,44.70514,48.92733,50.91714,51.11082,57.90926,59.20919,59.20919,63.17349,66.52329,66.52329,64.75647,67.66041,66.07653,65.97948,67.14752,67.14752,67.14752,67.14752,68.90993,67.14752,68.90993,67.14752,68.29261,63.87325,66.27283,66.97219
sau,Saudi Arabia,4.30086,4.30086,4.30086,4.30086,4.30086,4.30086,,3.24952,3.24952,3.24952,3.24952,4.55535,4.55535,4.55535,5.28569,5.28569,9.72209,10.10536,10.10536,10.10536,10.10536,10.38431,10.38431,10.38431,10.38431,13.12564,10.59375,10.59375,9.10963,9.10963,9.10963,9.10963,9.22716,11.86391,12.0314,12.0314,12.12482,14.14781,17.82423,17.93459,17.93459,15.71498,18.00566,18.09007,21.92971,20.0016,21.92971
sdn,Sudan,19.3569,20.18685,20.18685,20.43367,20.43367,23.72731,25.30808,26.55613,26.55613,26.55613,25.60642,25.03912,23.27425,25.03912,22.30781,24.77473,24.77473,28.37974,28.63516,28.63516,28.63516,29.53562,29.772,28.03407,27.94978,26.63346,28.74733,28.74733,28.74733,28.94827,29.59561,27.80288,27.80288,29.67427,27.85846,29.84636,28.15511,30.08889,28.15511,28.15511,28.37526,32.70888,31.72792,34.7272,33.51036,28.71937,30.83862
sen,Senegal,42.75033,44.20441,44.20441,45.00983,45.00983,46.60557,44.21807,46.95742,47.81663,50.131,50.131,50.131,50.131,50.42697,48.29071,49.33626,49.33626,49.33626,51.40911,49.33626,49.33626,50.04702,50.04702,50.04702,50.04702,49.67932,53.44276,53.44276,52.78378,52.78378,52.78378,51.55418,54.61479,51.8423,51.8423,52.97764,52.97764,57.37509,58.3838,58.3838,58.3838,56.15131,59.92568,59.22823,58.50402,57.09057,57.09057
sgp,Singapore,46.75475,46.75475,46.75475,47.1809,47.1809,47.41688,46.63766,43.85455,44.25891,47.89826,47.89826,45.15342,48.32356,45.89904,45.89904,52.06364,48.83505,48.83505,52.23474,49.3564,49.3564,49.3564,53.65145,53.65145,57.87359,65.90408,67.52404,67.52404,67.52404,67.92939,67.92939,69.02322,69.47358,69.47358,69.93296,69.46804,66.46968,66.46968,66.46968,69.46804,66.88787,69.19705,65.53315,70.42331,66.35661,66.85474,68.79354
slb,Solomon Islands,,,,14.75961,14.75961,14.75961,14.75961,14.75961,15.23177,15.23177,15.23177,15.23177,15.23177,15.23177,15.23177,15.23177,15.58377,15.58377,17.01566,17.01566,17.01566,17.01566,17.01566,17.28935,19.38868,19.57379,21.91051,21.91051,21.91051,22.88863,26.25141,25.13557,23.46414,21.99618,25.13557,25.13557,25.13557,26.00628,25.13557,26.00628,26.00628,26.00628,26.21215,24.56027,26.83955,28.98154,28.98154
sle,Sierra Leone,26.36717,26.36717,25.95112,25.95112,25.95112,27.87371,27.62856,27.97542,27.97542,27.97542,27.97542,27.87763,27.87763,27.87763,27.87763,27.87763,31.7408,33.40557,33.70322,32.72013,30.95391,39.98791,44.3124,44.3124,44.3124,47.10922,47.1971,51.2588,52.33348,52.78405,52.78405,53.05071,52.87777,51.72972,51.72972,52.48694,52.48694,52.30191,56.24744,56.24744,56.24744,54.05546,57.50054,54.9836,54.9836,54.9836,55.87802
slv,El Salvador,24.32876,24.32876,24.32876,24.60188,25.87552,34.37168,36.18568,36.18568,36.18568,36.18568,38.56031,38.56031,36.4105,39.68306,39.68306,37.80888,37.42848,38.60418,38.78345,42.63982,42.63982,42.63982,43.30789,45.46791,43.64184,42.70847,42.70847,42.70847,42.96687,47.60337,43.2937,43.97761,43.97761,43.97761,45.52156,45.87558,46.33386,46.65405,46.78874,46.23533,46.65833,44.74327,49.86238,46.94301,46.67398,46.1192,43.6009
som,Somalia,11.67014,11.67014,11.67014,11.67014,13.77939,13.77939,17.41165,17.41165,17.41165,14.36273,16.41442,16.41442,16.41442,16.41442,16.41442,17.11619,12.36701,11.41507,11.41507,11.41507,11.41507,11.41507,11.41507,11.41507,11.41507,11.41507,11.41507,11.41507,11.41507,13.16325,13.94918,13.94918,13.94918,13.94918,13.94918,17.4024,17.4024,22.89052,24.23031,22.1989,24.23031,25.31309,26.89885,26.89885,28.22184,25.83576,26.29024
srb,Serbia,47.22042,47.22042,47.22042,47.61549,47.61549,47.61549,49.90805,50.24652,50.24652,50.24652,50.24652,50.36489,50.36489,50.36489,50.44588,53.30797,50.62792,49.82191,49.30561,49.30561,49.30561,49.95538,49.95538,52.38343,52.38343,55.35119,55.35119,55.35119,57.2787,55.74372,55.74372,55.74372,58.93664,57.43853,57.63267,58.83674,60.3912,63.10049,63.10049,61.4415,63.10049,60.42589,60.25847,62.32277,65.63129,66.30361,66.30361
ssd,South Sudan,,,,,,,,,,,,,,,,,,,,,,,,,,,,,,,,,,,,,31.12862,31.12862,30.64632,28.8742,30.64632,27.49655,28.40168,29.6111,28.90703,28.90703,28.20968
sur,Suriname,44.74737,46.27194,46.27194,46.27194,46.27194,47.03959,47.03959,47.26159,47.26159,47.26159,47.75728,47.75728,47.05127,48.53047,48.53047,50.83216,50.06034,51.63954,53.80571,54.1261,54.1261,55.83663,55.83663,55.83663,56.17699,56.44729,55.7956,55.7956,55.7956,56.03796,56.50687,56.50687,56.84146,56.84146,56.84146,54.9223,54.9223,54.9223,54.2366,55.24973,56.62586,58.57366,56.62586,56.83553,59.02376,59.3832,59.10251
svk,Slovak Republic,,,,,,,,,,,,,,,,,,,65.2914,65.08536,63.53282,63.53282,63.53282,65.73578,65.57367,64.08868,65.44087,66.38491,66.38491,66.38491,66.38491,66.63368,66.83669,65.38651,65.38651,67.62871,67.62871,66.88045,66.88045,67.1209,67.1209,67.81676,63.33041,64.99682,68.60642,69.85585,68.71488
svn,Slovenia,,,,,,,,,,,,,,,,,63.21514,66.3188,70.02581,70.02581,70.50756,69.70587,69.70587,70.20854,70.20854,70.77228,69.26939,69.78177,69.78177,69.78177,69.78177,69.78177,71.85274,67.41155,73.78047,74.38931,77.5212,81.59129,82.25232,82.25232,82.25232,84.7102,78.87578,80.32425,80.99741,69.80718,68.40174
swe,Sweden,73.44587,73.44587,77.52007,77.52007,81.02025,81.4145,80.50259,80.50259,80.50259,80.50259,82.84156,84.15753,85.38249,87.70585,93.55081,90.57767,89.57718,89.57718,89.57718,90.57767,90.57767,91.11418,93.55081,93.55081,93.55081,93.55081,93.55081,93.55081,93.55081,93.55081,93.55081,93.55081,93.55081,93.55081,93.55081,93.55081,91.90307,91.90307,91.90307,91.90307,91.90307,91.90307,89.05231,91.75173,92.26834,92.26834,92.26834
swz,Eswatini,38.19795,38.19795,38.19795,38.01366,39.76754,41.25536,39.09782,37.71696,41.29418,41.07293,41.07293,41.07293,41.5303,41.5303,41.5303,44.09108,44.09108,38.58941,40.08339,41.43658,40.08339,40.08339,40.08339,40.29407,40.29407,41.35745,41.35745,41.35745,43.01358,43.01358,43.01358,43.45252,43.76576,43.42755,43.42755,43.42755,43.42755,43.42755,41.3693,42.91562,41.58992,41.58992,41.37246,41.04431,43.1122,43.1122,42.53165
syr,Syria,35.70858,35.70858,36.09848,36.42458,36.42458,36.42458,38.31129,38.31129,38.57317,40.21802,38.57317,39.03265,39.03265,39.29586,39.29586,41.89331,41.89331,41.89331,42.15865,42.39491,42.39491,42.39491,42.39491,42.88119,42.88119,45.94647,44.15909,44.15909,44.64754,44.64754,44.64754,42.15556,43.17947,43.17947,44.92406,45.20248,44.63896,40.36986,38.25171,38.25171,38.46589,36.22596,36.2896,34.45202,34.30911,34.64348,34.77683
tcd,Chad,27.21823,25.22939,25.22939,25.22939,25.22939,22.71461,22.71461,21.6945,21.6945,22.15553,24.23312,22.15553,23.84907,23.84907,25.64469,25.82322,33.14061,33.14061,34.8897,33.29443,33.29443,34.8897,32.9518,32.9518,32.9518,33.59796,33.59796,34.47213,30.92066,32.85299,32.85299,32.85299,32.85299,33.12507,33.12507,31.17481,32.6535,32.6535,33.90085,33.90085,33.90085,31.52836,35.89748,35.89748,38.26142,38.26142,34.91497
tgo,Togo,32.34522,32.34522,32.34522,32.34522,32.34522,35.0747,37.84654,37.84654,37.84654,38.02934,35.82819,35.82819,35.82819,39.33071,39.33071,40.34631,42.86485,45.82308,45.82308,41.3665,41.3665,41.56384,41.56384,43.64332,44.23606,48.67384,46.97083,47.40857,45.39578,45.63749,47.0294,48.65064,51.77601,51.70816,53.00261,55.99763,55.99763,55.99763,57.2315,57.43529,57.43529,57.43529,59.02564,58.90101,61.91263,60.79426,60.58355
tha,Thailand,44.1651,45.98151,45.98151,44.72388,44.72388,47.47149,46.94031,46.94031,48.67507,47.12076,48.89734,48.89734,47.35266,48.73713,49.87829,52.07322,53.73108,55.31364,55.78154,56.04481,56.19638,58.302,61.57668,62.87495,63.18042,64.79951,65.3349,65.3349,65.64529,64.34785,64.8086,63.51926,63.98855,64.24644,64.45874,64.70038,66.24234,66.24234,66.56617,64.71488,62.65723,60.81558,61.75997,62.0636,66.35036,64.09182,64.09182
tjk,Tajikistan,,,,,,,,,,,,,,,,,34.68538,29.90661,21.79757,20.10432,25.32452,23.82834,23.82834,23.82834,23.82834,21.96336,21.96336,21.96336,29.47333,29.47333,27.56674,27.83549,27.83549,27.83549,27.83549,29.59847,29.59847,29.59847,31.05348,31.05348,31.05348,25.13267,24.67417,24.69521,24.69521,26.07618,23.89739
tkm,Turkmenistan,,,,,,,,,,,,,,,,,34.19318,32.53588,31.39756,32.97956,35.45022,35.45022,35.45022,35.45022,35.68778,35.88231,35.88231,35.88231,35.88231,33.2517,35.53254,35.53254,37.83486,38.1397,38.1397,38.1397,36.52332,36.6578,38.17573,38.17573,38.29857,40.14249,39.48408,38.79352,39.63569,39.374,41.2012
tls,Timor-Leste,,,,,,,,,,,,,,,,,,,,,,,,,,,,44.12067,47.08319,45.44004,45.66085,46.5221,46.6256,46.6256,46.86258,45.37071,45.37071,47.47077,47.47077,47.74004,46.00996,43.28539,44.82612,46.86245,48.15069,50.39001,50.6694
tto,Trinidad and Tobago,40.79944,42.03647,43.15338,43.15338,43.37401,48.02853,53.21257,53.21257,53.61818,53.61818,52.84325,55.93949,59.34122,59.34122,59.34122,59.56787,60.92869,60.92869,61.13454,60.43756,59.72763,59.72763,59.72763,61.16983,61.16983,65.61953,65.85837,66.7245,66.7245,68.61282,66.7245,65.31829,69.39465,69.39465,69.39465,73.78128,73.78128,74.14207,71.37483,71.37483,71.37483,73.24092,73.24092,73.24092,73.24092,71.10129,71.66405
tun,Tunisia,34.85854,34.85854,34.85854,34.85854,35.98138,37.66768,39.4504,39.4504,39.4504,39.83422,42.54402,42.972,42.46963,47.54346,44.39648,46.32583,46.32583,48.4666,48.4666,51.45488,51.45488,49.53945,51.63212,51.63212,52.51316,53.63109,51.57729,51.80118,54.5114,55.01977,55.01977,53.22098,53.22098,53.22098,53.87121,53.23221,61.12484,62.12697,60.56899,60.99767,63.56985,60.84294,61.82868,62.09499,61.94027,62.43449,63.83078
tur,Turkey,38.05591,38.05591,38.05591,38.05591,38.34881,39.97051,38.75931,37.10523,37.80296,39.67661,39.67661,37.80296,37.78878,42.43863,40.71072,46.27729,45.37613,42.78736,42.78736,42.78736,42.24315,46.45364,46.45364,46.45364,46.64949,44.9623,46.64949,46.85483,43.61255,43.61255,41.91191,42.81865,47.68924,44.21988,44.45989,46.0182,47.28759,47.28759,45.67197,45.91658,46.08076,44.08202,42.839,45.26776,44.45767,44.68357,44.57837
tza,Tanzania,39.0366,39.53446,39.53446,39.53446,39.99688,39.99688,42.04239,45.03959,41.96305,42.35222,42.26142,45.03795,42.45365,45.30868,46.00346,48.95795,49.21424,49.27499,47.13167,49.76213,51.75863,52.64229,52.64229,52.91402,52.91402,54.17928,56.53312,56.53312,56.53312,56.79632,55.65619,55.65619,54.2035,54.2035,54.2035,58.01021,58.76691,58.76691,55.82231,55.40054,57.45531,59.08404,63.24024,60.11537,58.27889,61.10522,63.77106
uga,Uganda,29.05555,29.05555,29.05555,29.05555,29.4885,32.26246,32.26447,32.26447,32.26447,32.57505,32.66691,38.29641,37.04196,38.6526,43.18487,42.72598,42.72598,42.72598,42.72598,43.17414,46.90498,51.36611,53.01086,53.01086,53.19785,55.1559,55.77262,55.22081,55.22081,55.22081,55.22081,55.39383,57.77507,57.73597,54.26605,54.41259,56.64331,57.31888,57.31888,56.64331,55.87273,52.92751,55.56362,55.56362,55.56362,55.9055,52.04795
ukr,Ukraine,,,,,,,,,,,,,,,,,55.9715,53.84139,51.79626,51.99189,55.70966,55.70966,55.46821,56.21416,56.21416,56.21416,56.21416,55.63282,55.18043,61.23224,67.7128,67.97117,69.48933,67.97117,67.97117,66.29927,65.39312,65.81683,67.739,67.00077,67.1393,71.22427,68.5457,67.30987,71.90496,73.66168,70.6217
ury,Uruguay,48.57882,48.77439,48.77439,48.77439,48.77439,50.41753,47.00222,47.00222,47.00222,45.8821,58.39205,58.39205,58.39205,58.39205,61.56914,65.96711,65.96711,65.96711,65.96711,66.1003,66.1003,66.1003,66.1003,66.1003,66.8215,66.8215,66.8215,66.8215,66.8215,66.8215,66.44531,66.44531,66.44531,69.27375,69.95053,71.89538,73.48141,73.48141,73.48141,74.4063,74.4063,72.33383,75.46769,75.74569,75.74569,66.28207,66.20122
usa,USA,52.90124,53.04004,53.04004,52.90124,52.90124,61.5779,60.74597,60.83556,60.83556,62.55121,62.55121,62.55121,62.55121,62.73755,63.64231,66.07033,66.34085,66.77458,67.66519,67.66519,67.66519,67.81966,67.81966,67.99265,67.99265,72.83518,71.45295,71.45295,71.45295,71.61199,72.66287,72.66287,72.66287,74.35132,74.35132,76.96409,76.96409,76.96409,76.96409,74.56607,77.18313,76.38736,73.73182,74.62487,74.06594,76.30379,69.26766
uzb,Uzbekistan,,,,,,,,,,,,,,,,,46.2507,46.39811,44.27309,43.67116,43.86025,44.18817,44.18817,43.18535,43.38946,43.8112,43.93895,43.93895,44.04508,45.21876,45.21876,45.31757,45.31757,45.31757,44.25106,45.64574,45.71327,45.71327,46.17553,46.90146,46.90146,47.33822,46.95738,47.41726,49.43514,52.94574,52.85801
ven,Venezuela,52.7175,53.09023,53.09023,53.09023,53.09023,53.09023,52.07296,52.07296,52.62792,53.74324,53.74324,51.79951,51.79951,56.83852,57.55604,57.37615,59.11484,59.11484,58.92168,58.92168,58.92168,58.92168,58.92168,60.04578,67.20056,69.10006,69.10006,69.84181,69.84181,69.84181,70.54503,69.17312,70.54503,70.54503,70.54503,70.54503,72.37303,72.37303,72.37303,72.37303,70.20978,70.9702,69.61279,69.18785,68.03575,65.39654,63.96914
vnm,Vietnam,50.9178,51.49505,51.49505,52.02442,52.02442,53.09396,52.80287,52.80287,53.07304,52.50164,52.50164,52.10534,53.22258,52.97663,54.85039,55.80087,55.80087,55.80087,57.06508,55.42438,55.42438,56.5304,57.36613,57.36613,57.36613,57.36613,57.62787,57.81708,59.52489,61.79435,58.09457,59.81135,60.91128,59.45232,59.45232,61.60289,61.60289,61.60289,59.1021,59.1021,59.1021,59.30486,59.30486,59.30486,59.87688,57.25766,53.2667
vut,Vanuatu,,,,,,45.62464,47.8323,47.8323,48.03077,48.03077,48.03077,48.03077,48.622,48.622,48.622,48.82206,48.49428,48.49428,48.49428,48.49428,48.49428,48.49428,48.49428,48.46537,48.46537,50.96182,48.78256,48.89632,50.8892,49.19565,49.43065,49.43065,48.26077,48.26077,48.50738,48.50738,48.50738,48.19526,48.44392,48.44392,48.11333,48.44392,45.09228,46.04746,46.04746,44.16804,44.16804
yem,Yemen,4.30086,4.30086,4.30086,1.42797,1.42797,1.42797,1.42797,1.42797,1.42797,1.42797,1.42797,1.42797,1.42797,1.42797,6.70929,17.57169,18.54009,18.54009,19.4758,17.5264,16.71796,16.60171,14.82143,14.82143,16.60171,14.82143,16.60171,14.82143,14.82143,16.71796,17.4215,17.4215,17.4215,15.60366,15.60366,15.60366,16.16553,16.16553,17.9598,17.10066,9.58676,18.82981,14.13296,16.13955,15.38178,11.21847,13.52404
zaf,South Africa,20.67205,20.67205,20.67205,20.67205,20.67205,20.87305,17.23238,17.23238,17.23238,23.18073,22.94166,22.94166,23.06579,25.10128,24.72607,27.35977,27.47748,27.47748,28.48657,54.20777,61.04146,66.08528,64.16431,64.16431,65.05639,66.99215,67.11397,67.11397,62.52846,63.35562,65.26356,65.26356,65.26356,65.26356,65.65041,65.65041,65.65041,65.65041,62.34065,62.72931,62.72931,62.81946,62.72931,62.72931,63.55771,61.06324,61.06324
zmb,Zambia,35.24733,35.24733,35.24733,35.25757,35.25757,36.63613,37.37215,37.58454,37.12583,37.12583,37.12583,37.34451,37.34451,37.79898,38.20582,41.9351,41.7122,44.68452,44.68452,44.68452,44.68452,45.11075,45.11075,45.31228,45.31228,48.4565,48.63721,48.63721,48.63721,48.63721,47.53338,47.85633,48.77785,48.77785,47.90954,49.83095,48.26471,49.4867,50.547,49.49058,49.04277,49.03528,48.42611,53.84488,55.8613,53.19422,51.72265
zwe,Zimbabwe,21.29865,21.29865,21.29865,21.29865,21.29865,39.97723,42.81495,44.33941,44.22819,44.33941,44.42833,44.61943,44.74526,44.61943,44.61943,43.74869,45.90838,46.23564,46.23564,46.23564,46.57638,46.57638,46.79908,46.79908,46.79908,49.57346,49.57346,49.57346,49.76342,49.76342,50.41738,50.41738,50.41738,50.41738,49.48282,51.70069,52.627,52.627,53.14223,52.68475,52.1875,54.60125,54.28823,53.8394,52.77646,52.53772,55.62404
